{"_timestamp":1.763099626325611e+09,"_step":900,"train/loss_image":0.041136208921670914,"train/steps_per_sec":1.3026076364443473,"_wandb":{"runtime":818},"_runtime":818.99655897,"eval/loss_image":0.18852762877941132}