{"_step":600,"train/loss_image":0.008652147573884576,"train/steps_per_sec":2.784908045070649,"_wandb":{"runtime":270},"_runtime":270.444587669,"train/loss_action":0,"_timestamp":1.7634867744408157e+09}