{"_step":14700,"train/loss_image":0.038386053405702114,"train/steps_per_sec":1.3017094936637008,"eval/loss_image":0.22509078681468964,"_wandb":{"runtime":11867},"_runtime":11867.140689546,"_timestamp":1.7631391095882597e+09}