{"_timestamp":1.763288186095066e+09,"_step":100,"_wandb":{"runtime":168},"_runtime":168.717898411,"train/loss_image":0.06812070187181235,"train/steps_per_sec":1.198177720344324}