{"_runtime":82.071477428,"_timestamp":1.7635229841214187e+09,"_step":100,"train/loss_image":0.015139339226298034,"train/steps_per_sec":2.3239437021615137,"train/learning_rate":1e-05,"train/loss_action":0,"_wandb":{"runtime":82}}